{"cameraMode":{"drawMode":0,"name":"Shaded","section":"Shading Mode"},"sceneLighting":true,"audioPlay":false,"sceneViewState":{"showFog":true,"showMaterialUpdate":false,"showSkybox":true,"showFlares":true,"showImageEffects":true,"showParticleSystems":true},"in2DMode":false,"pivot":{"x":0.5437682271003723,"y":0.99092698097229,"z":1.4978358745574952},"rotation":{"x":-0.3721455931663513,"y":-0.004153473302721977,"z":0.0017392750596627594,"w":-0.9282048940658569},"size":7.103538990020752,"orthographic":false}