{"cameraMode":{"drawMode":0,"name":"Shaded","section":"Shading Mode"},"sceneLighting":true,"audioPlay":false,"sceneViewState":{"showFog":true,"showMaterialUpdate":false,"showSkybox":true,"showFlares":true,"showImageEffects":true,"showParticleSystems":true},"in2DMode":false,"pivot":{"x":0.4724407494068146,"y":-0.28279298543930056,"z":1.5677344799041749},"rotation":{"x":-0.33707937598228457,"y":-0.008451745845377446,"z":0.0031016331631690265,"w":-0.9414904117584229},"size":6.343560695648193,"orthographic":false}