{"cameraMode":{"drawMode":0,"name":"Shaded","section":"Shading Mode"},"sceneLighting":true,"audioPlay":false,"sceneViewState":{"showFog":true,"showMaterialUpdate":false,"showSkybox":true,"showFlares":true,"showImageEffects":true,"showParticleSystems":true},"in2DMode":false,"pivot":{"x":0.033776383846998218,"y":1.514184832572937,"z":1.1338472366333008},"rotation":{"x":-0.3998173177242279,"y":0.0019211750477552415,"z":-0.000840869324747473,"w":-0.9166156649589539},"size":6.517621994018555,"orthographic":false}