{"count":1,"gauges":{"RobotBrain.CumulativeReward":{"count":4,"max":-1,"min":-1,"value":-1,"weightedAverage":-1}},"self":16.169561599999998,"total":16.3010515,"children":{"AgentSendState":{"count":796,"self":0.0104969,"total":0.0114944,"children":{"CollectObservations":{"count":80,"self":0.0009975,"total":0.0009975,"children":null},"CollectDiscreteActionMasks":{"count":80,"self":0,"total":0,"children":null}}},"DecideAction":{"count":796,"self":0.11120379999999999,"total":0.11120379999999999,"children":null},"AgentAct":{"count":796,"self":0.0087923999999999988,"total":0.0087923999999999988,"children":null}}}