{"count":1,"gauges":{},"self":2.2749454,"total":2.2848520999999997,"children":{"AgentSendState":{"count":75,"self":0.0059166,"total":0.0079423,"children":{"CollectObservations":{"count":8,"self":0.0010310999999999999,"total":0.0010310999999999999,"children":null},"CollectDiscreteActionMasks":{"count":8,"self":0.0009946,"total":0.0009946,"children":null}}},"DecideAction":{"count":75,"self":0,"total":0,"children":null},"AgentAct":{"count":75,"self":0.00096709999999999993,"total":0.00096709999999999993,"children":null}}}