{"count":1,"gauges":{"RobotBrain.CumulativeReward":{"count":74,"max":1,"min":-1,"value":-1,"weightedAverage":-0.9999999}},"self":11.149550399999999,"total":11.174490599999999,"children":{"AgentSendState":{"count":541,"self":0.0109719,"total":0.0119705,"children":{"CollectObservations":{"count":55,"self":0.00099859999999999988,"total":0.00099859999999999988,"children":null},"CollectDiscreteActionMasks":{"count":55,"self":0,"total":0,"children":null}}},"DecideAction":{"count":541,"self":0.0029981,"total":0.0029981,"children":null},"AgentAct":{"count":541,"self":0.0089743,"total":0.0089743,"children":null}}}